{
  "startDate": "2026-01-01",
  "days": [
    {
      "date": "2026-01-01",
      "readings": [
        { "book": "LUK", "chapter": 1, "from": 1, "to": null },
        { "book": "JHN", "chapter": 1, "from": 1, "to": 13 }
      ]
    },
    {
      "date": "2026-01-02",
      "readings": [
        { "book": "MAT", "chapter": 1, "from": 1, "to": null },
        { "book": "LUK", "chapter": 2, "from": 1, "to": 20 },
        { "book": "JHN", "chapter": 1, "from": 14, "to": 18 }
      ]
    },
    {
      "date": "2026-01-03",
      "readings": [
        { "book": "MAT", "chapter": 2, "from": 1, "to": null },
        { "book": "LUK", "chapter": 2, "from": 21, "to": 41 }
      ]
    },
    {
      "date": "2026-01-04",
      "readings": [
        { "book": "MAT", "chapter": 3, "from": 1, "to": null },
        { "book": "MRK", "chapter": 1, "from": 1, "to": 10 },
        { "book": "LUK", "chapter": 3, "from": 1, "to": null }
      ]
    },
    {
      "date": "2026-01-05",
      "readings": [
        { "book": "MAT", "chapter": 4, "from": 1, "to": 11 },
        { "book": "MRK", "chapter": 1, "from": 12, "to": 13 },
        { "book": "LUK", "chapter": 4, "from": 1, "to": 13 }
      ]
    },
    {
      "date": "2026-01-06",
      "readings": [
        { "book": "JHN", "chapter": 1, "from": 19, "to": null }
      ]
    },
    {
      "date": "2026-01-07",
      "readings": [
        { "book": "JHN", "chapter": 2, "from": 1, "to": null }
      ]
    },
    {
      "date": "2026-01-08",
      "readings": [
        { "book": "JHN", "chapter": 3, "from": 1, "to": null }
      ]
    },
    {
      "date": "2026-01-09",
      "readings": [
        { "book": "MAT", "chapter": 4, "from": 12, "to": 17 },
        { "book": "MRK", "chapter": 1, "from": 14, "to": 15 },
        { "book": "LUK", "chapter": 4, "from": 17, "to": 17 },
        { "book": "JHN", "chapter": 4, "from": 1, "to": null }
      ]
    },
    {
      "date": "2026-01-10",
      "readings": [
        { "book": "MAT", "chapter": 4, "from": 18, "to": null },
        { "book": "MAT", "chapter": 5, "from": 1, "to": null },
        { "book": "MRK", "chapter": 1, "from": 16, "to": 16 },
        { "book": "LUK", "chapter": 4, "from": 16, "to": 31 }
      ]
    },
    {
      "date": "2026-01-11",
      "readings": [
        { "book": "MAT", "chapter": 6, "from": 1, "to": null }
      ]
    },
    {
      "date": "2026-01-12",
      "readings": [
        { "book": "MAT", "chapter": 7, "from": 1, "to": null }
      ]
    },
    {
      "date": "2026-01-13",
      "readings": [
        { "book": "MAT", "chapter": 8, "from": 1, "to": 17 },
        { "book": "MRK", "chapter": 1, "from": 21, "to": 39 },
        { "book": "LUK", "chapter": 4, "from": 31, "to": null }
      ]
    },
    {
      "date": "2026-01-14",
      "readings": [
        { "book": "MAT", "chapter": 8, "from": 18, "to": null },
        { "book": "MRK", "chapter": 1, "from": 40, "to": null },
        { "book": "LUK", "chapter": 5, "from": 1, "to": 16 }
      ]
    },
    {
      "date": "2026-01-15",
      "readings": [
        { "book": "MAT", "chapter": 9, "from": 1, "to": 14 },
        { "book": "MRK", "chapter": 2, "from": 1, "to": 18 },
        { "book": "LUK", "chapter": 5, "from": 17, "to": null }
      ]
    },
    {
      "date": "2026-01-16",
      "readings": [
        { "book": "MRK", "chapter": 2, "from": 23, "to": null },
        { "book": "MRK", "chapter": 3, "from": 1, "to": 12 },
        { "book": "LUK", "chapter": 6, "from": 1, "to": 11 }
      ]
    },
    {
      "date": "2026-01-17",
      "readings": [
        { "book": "MRK", "chapter": 3, "from": 13, "to": 19 },
        { "book": "LUK", "chapter": 6, "from": 12, "to": null }
      ]
    },
    {
      "date": "2026-01-18",
      "readings": [
        { "book": "MRK", "chapter": 3, "from": 20, "to": null },
        { "book": "LUK", "chapter": 7, "from": 1, "to": null }
      ]
    },
    {
      "date": "2026-01-19",
      "readings": [
        { "book": "MRK", "chapter": 4, "from": 1, "to": 34 },
        { "book": "LUK", "chapter": 8, "from": 1, "to": 21 }
      ]
    },
    {
      "date": "2026-01-20",
      "readings": [
        { "book": "MAT", "chapter": 9, "from": 18, "to": 27 },
        { "book": "MRK", "chapter": 4, "from": 35, "to": null },
        { "book": "MRK", "chapter": 5, "from": 1, "to": null },
        { "book": "LUK", "chapter": 8, "from": 22, "to": null }
      ]
    },
    {
      "date": "2026-01-21",
      "readings": [
        { "book": "MAT", "chapter": 9, "from": 28, "to": null },
        { "book": "MRK", "chapter": 6, "from": 1, "to": 6 }
      ]
    },
    {
      "date": "2026-01-22",
      "readings": [
        { "book": "MAT", "chapter": 10, "from": 1, "to": null },
        { "book": "MRK", "chapter": 6, "from": 7, "to": 13 },
        { "book": "LUK", "chapter": 9, "from": 1, "to": 6 }
      ]
    },
    {
      "date": "2026-01-23",
      "readings": [
        { "book": "MAT", "chapter": 11, "from": 1, "to": null }
      ]
    },
    {
      "date": "2026-01-24",
      "readings": [
        { "book": "MAT", "chapter": 12, "from": 1, "to": null }
      ]
    },
    {
      "date": "2026-01-25",
      "readings": [
        { "book": "MAT", "chapter": 13, "from": 1, "to": null }
      ]
    },
    {
      "date": "2026-01-26",
      "readings": [
        { "book": "MAT", "chapter": 14, "from": 1, "to": 14 },
        { "book": "MRK", "chapter": 6, "from": 14, "to": 34 },
        { "book": "LUK", "chapter": 9, "from": 7, "to": 11 },
        { "book": "JHN", "chapter": 5, "from": 1, "to": null }
      ]
    },
    {
      "date": "2026-01-27",
      "readings": [
        { "book": "MAT", "chapter": 14, "from": 15, "to": null },
        { "book": "MRK", "chapter": 6, "from": 35, "to": null },
        { "book": "LUK", "chapter": 9, "from": 12, "to": 17 },
        { "book": "JHN", "chapter": 6, "from": 1, "to": 21 }
      ]
    },
    {
      "date": "2026-01-28",
      "readings": [
        { "book": "MAT", "chapter": 15, "from": 1, "to": 31 },
        { "book": "MRK", "chapter": 7, "from": 1, "to": null },
        { "book": "JHN", "chapter": 6, "from": 22, "to": 67 }
      ]
    },
    {
      "date": "2026-01-29",
      "readings": [
        { "book": "MAT", "chapter": 15, "from": 32, "to": null },
        { "book": "MAT", "chapter": 16, "from": 1, "to": 12 },
        { "book": "MRK", "chapter": 8, "from": 1, "to": 26 }
      ]
    },
    {
      "date": "2026-01-30",
      "readings": [
        { "book": "MAT", "chapter": 16, "from": 13, "to": 20 },
        { "book": "MRK", "chapter": 8, "from": 27, "to": 30 },
        { "book": "LUK", "chapter": 9, "from": 18, "to": 21 },
        { "book": "JHN", "chapter": 6, "from": 68, "to": null }
      ]
    },
    {
      "date": "2026-01-31",
      "readings": [
        { "book": "MAT", "chapter": 16, "from": 21, "to": null },
        { "book": "MRK", "chapter": 8, "from": 31, "to": null },
        { "book": "MRK", "chapter": 9, "from": 1, "to": 1 },
        { "book": "LUK", "chapter": 9, "from": 22, "to": 27 }
      ]
    },
    {
    "date": "2026-02-01",
    "readings": [
      { "book": "MAT", "chapter": 17, "from": 1, "to": 13 },
      { "book": "MRK", "chapter": 9, "from": 2, "to": 13 },
      { "book": "LUK", "chapter": 9, "from": 28, "to": 36 }
    ]
  },
  {
    "date": "2026-02-02",
    "readings": [
      { "book": "MAT", "chapter": 17, "from": 14, "to": null },
      { "book": "MRK", "chapter": 9, "from": 14, "to": 32 },
      { "book": "LUK", "chapter": 9, "from": 37, "to": 45 }
    ]
  },
  {
    "date": "2026-02-03",
    "readings": [
      { "book": "MAT", "chapter": 18, "from": 1, "to": 14 },
      { "book": "MRK", "chapter": 9, "from": 33, "to": null },
      { "book": "LUK", "chapter": 9, "from": 46, "to": 56 },
      { "book": "JHN", "chapter": 7, "from": 1, "to": 9 }
    ]
  },
  {
    "date": "2026-02-04",
    "readings": [
      { "book": "MAT", "chapter": 18, "from": 15, "to": 20 },
      { "book": "LUK", "chapter": 9, "from": 57, "to": null },
      { "book": "LUK", "chapter": 10, "from": 1, "to": null },
      { "book": "LUK", "chapter": 11, "from": 1, "to": 4 },
      { "book": "JHN", "chapter": 7, "from": 10, "to": 13 }
    ]
  },
  {
    "date": "2026-02-05",
    "readings": [
      { "book": "LUK", "chapter": 11, "from": 5, "to": 36 },
      { "book": "JHN", "chapter": 7, "from": 14, "to": null }
    ]
  },
  {
    "date": "2026-02-06",
    "readings": [
      { "book": "LUK", "chapter": 11, "from": 37, "to": null },
      { "book": "JHN", "chapter": 8, "from": 1, "to": 20 }
    ]
  },
  {
    "date": "2026-02-07",
    "readings": [
      { "book": "LUK", "chapter": 12, "from": 1, "to": 34 },
      { "book": "JHN", "chapter": 8, "from": 21, "to": null }
    ]
  },
  {
    "date": "2026-02-08",
    "readings": [
      { "book": "LUK", "chapter": 12, "from": 35, "to": null },
      { "book": "JHN", "chapter": 9, "from": 1, "to": null }
    ]
  },
  {
    "date": "2026-02-09",
    "readings": [
      { "book": "LUK", "chapter": 13, "from": 1, "to": 9 },
      { "book": "JHN", "chapter": 10, "from": 1, "to": 21 }
    ]
  },
  {
    "date": "2026-02-10",
    "readings": [
      { "book": "LUK", "chapter": 13, "from": 10, "to": null }
    ]
  },
  {
    "date": "2026-02-11",
    "readings": [
      { "book": "LUK", "chapter": 14, "from": 1, "to": null },
      { "book": "JHN", "chapter": 10, "from": 22, "to": null }
    ]
  },
  {
    "date": "2026-02-12",
    "readings": [
      { "book": "LUK", "chapter": 15, "from": 1, "to": null }
    ]
  },
  {
    "date": "2026-02-13",
    "readings": [
      { "book": "LUK", "chapter": 16, "from": 1, "to": 18 }
    ]
  },
  {
    "date": "2026-02-14",
    "readings": [
      { "book": "LUK", "chapter": 16, "from": 19, "to": null }
    ]
  },
  {
    "date": "2026-02-15",
    "readings": [
      { "book": "MAT", "chapter": 18, "from": 21, "to": null },
      { "book": "LUK", "chapter": 17, "from": 1, "to": 10 }
    ]
  },
  {
    "date": "2026-02-16",
    "readings": [
      { "book": "LUK", "chapter": 17, "from": 11, "to": null },
      { "book": "LUK", "chapter": 18, "from": 1, "to": 8 }
    ]
  },
  {
    "date": "2026-02-17",
    "readings": [
      { "book": "MAT", "chapter": 19, "from": 1, "to": 15 },
      { "book": "MRK", "chapter": 10, "from": 1, "to": 16 },
      { "book": "LUK", "chapter": 18, "from": 9, "to": 17 }
    ]
  },
  {
    "date": "2026-02-18",
    "readings": [
      { "book": "MAT", "chapter": 19, "from": 16, "to": null },
      { "book": "MRK", "chapter": 10, "from": 17, "to": 31 },
      { "book": "LUK", "chapter": 18, "from": 18, "to": 30 }
    ]
  },
  {
    "date": "2026-02-19",
    "readings": [
      { "book": "MAT", "chapter": 20, "from": 1, "to": 16 },
      { "book": "JHN", "chapter": 11, "from": 1, "to": 45 }
    ]
  },
  {
    "date": "2026-02-20",
    "readings": [
      { "book": "MAT", "chapter": 20, "from": 17, "to": 28 },
      { "book": "MRK", "chapter": 10, "from": 32, "to": 45 },
      { "book": "LUK", "chapter": 18, "from": 31, "to": 34 },
      { "book": "JHN", "chapter": 11, "from": 46, "to": null },
      { "book": "JHN", "chapter": 12, "from": 1, "to": 8 }
    ]
  },
  {
    "date": "2026-02-21",
    "readings": [
      { "book": "MAT", "chapter": 20, "from": 29, "to": null },
      { "book": "MRK", "chapter": 10, "from": 46, "to": null },
      { "book": "LUK", "chapter": 18, "from": 35, "to": null },
      { "book": "LUK", "chapter": 19, "from": 1, "to": 10 }
    ]
  },
  {
    "date": "2026-02-22",
    "readings": [
      { "book": "LUK", "chapter": 19, "from": 11, "to": 27 },
      { "book": "JHN", "chapter": 12, "from": 9, "to": 11 }
    ]
  },
  {
    "date": "2026-02-23",
    "readings": [
      { "book": "MAT", "chapter": 21, "from": 1, "to": 11 },
      { "book": "MRK", "chapter": 11, "from": 1, "to": 11 },
      { "book": "LUK", "chapter": 19, "from": 28, "to": 40 },
      { "book": "JHN", "chapter": 12, "from": 12, "to": 19 }
    ]
  },
  {
    "date": "2026-02-24",
    "readings": [
      { "book": "MRK", "chapter": 11, "from": 12, "to": 14 },
      { "book": "LUK", "chapter": 19, "from": 41, "to": 44 },
      { "book": "JHN", "chapter": 12, "from": 20, "to": 33 }
    ]
  },
  {
    "date": "2026-02-25",
    "readings": [
      { "book": "MAT", "chapter": 21, "from": 12, "to": 17 },
      { "book": "MRK", "chapter": 11, "from": 15, "to": 19 },
      { "book": "LUK", "chapter": 19, "from": 45, "to": null },
      { "book": "JHN", "chapter": 12, "from": 34, "to": 36 }
    ]
  },
  {
    "date": "2026-02-26",
    "readings": [
      { "book": "MAT", "chapter": 21, "from": 18, "to": 22 },
      { "book": "MRK", "chapter": 11, "from": 20, "to": 26 },
      { "book": "JHN", "chapter": 12, "from": 37, "to": 43 }
    ]
  },
  {
    "date": "2026-02-27",
    "readings": [
      { "book": "MAT", "chapter": 21, "from": 23, "to": 27 },
      { "book": "MRK", "chapter": 11, "from": 27, "to": null },
      { "book": "LUK", "chapter": 20, "from": 1, "to": 8 },
      { "book": "JHN", "chapter": 12, "from": 44, "to": 47 }
    ]
  },
  {
    "date": "2026-02-28",
    "readings": [
      { "book": "MAT", "chapter": 21, "from": 28, "to": null },
      { "book": "MRK", "chapter": 12, "from": 1, "to": 12 },
      { "book": "LUK", "chapter": 20, "from": 9, "to": 20 },
      { "book": "JHN", "chapter": 12, "from": 48, "to": null }
    ]
  },
  {
    "date": "2026-03-01",
    "readings": [
      { "book": "MAT", "chapter": 22, "from": 1, "to": 22 },
      { "book": "MRK", "chapter": 12, "from": 13, "to": 17 },
      { "book": "LUK", "chapter": 20, "from": 21, "to": 26 }
    ]
  },
  {
    "date": "2026-03-02",
    "readings": [
      { "book": "MAT", "chapter": 22, "from": 23, "to": 33 },
      { "book": "MRK", "chapter": 12, "from": 18, "to": 27 },
      { "book": "LUK", "chapter": 20, "from": 27, "to": 40 }
    ]
  },
  {
    "date": "2026-03-03",
    "readings": [
      { "book": "MAT", "chapter": 22, "from": 34, "to": 40 },
      { "book": "MRK", "chapter": 12, "from": 28, "to": 34 }
    ]
  },
  {
    "date": "2026-03-04",
    "readings": [
      { "book": "MAT", "chapter": 22, "from": 41, "to": null },
      { "book": "MRK", "chapter": 12, "from": 35, "to": 37 },
      { "book": "LUK", "chapter": 20, "from": 41, "to": 44 }
    ]
  },
  {
    "date": "2026-03-05",
    "readings": [
      { "book": "MAT", "chapter": 23, "from": 1, "to": 36 },
      { "book": "MRK", "chapter": 12, "from": 38, "to": 40 },
      { "book": "LUK", "chapter": 20, "from": 45, "to": null }
    ]
  },
  {
    "date": "2026-03-06",
    "readings": [
      { "book": "MAT", "chapter": 23, "from": 37, "to": null },
      { "book": "MRK", "chapter": 12, "from": 41, "to": null },
      { "book": "LUK", "chapter": 21, "from": 1, "to": 4 }
    ]
  },
  {
    "date": "2026-03-07",
    "readings": [
      { "book": "MAT", "chapter": 24, "from": 1, "to": 2 },
      { "book": "MRK", "chapter": 13, "from": 1, "to": 2 },
      { "book": "LUK", "chapter": 21, "from": 5, "to": 6 }
    ]
  },
  {
    "date": "2026-03-08",
    "readings": [
      { "book": "MAT", "chapter": 24, "from": 3, "to": 22 },
      { "book": "MRK", "chapter": 13, "from": 3, "to": 20 },
      { "book": "LUK", "chapter": 21, "from": 7, "to": 24 }
    ]
  },
  {
    "date": "2026-03-09",
    "readings": [
      { "book": "MAT", "chapter": 24, "from": 23, "to": null },
      { "book": "MRK", "chapter": 13, "from": 21, "to": null },
      { "book": "LUK", "chapter": 21, "from": 25, "to": null }
    ]
  },
  {
    "date": "2026-03-10",
    "readings": [
      { "book": "MAT", "chapter": 25, "from": 1, "to": 13 }
    ]
  },
  {
    "date": "2026-03-11",
    "readings": [
      { "book": "MAT", "chapter": 25, "from": 14, "to": 30 }
    ]
  },
  {
    "date": "2026-03-12",
    "readings": [
      { "book": "MAT", "chapter": 25, "from": 31, "to": null }
    ]
  },
  {
    "date": "2026-03-13",
    "readings": [
      { "book": "MAT", "chapter": 26, "from": 1, "to": 35 },
      { "book": "MRK", "chapter": 14, "from": 1, "to": 31 },
      { "book": "LUK", "chapter": 22, "from": 1, "to": 38 },
      { "book": "JHN", "chapter": 13, "from": 1, "to": null }
    ]
  },
  {
    "date": "2026-03-14",
    "readings": [
      { "book": "JHN", "chapter": 14, "from": 1, "to": null },
      { "book": "JHN", "chapter": 15, "from": 1, "to": null },
      { "book": "JHN", "chapter": 16, "from": 1, "to": null }
    ]
  },
  {
    "date": "2026-03-15",
    "readings": [
      { "book": "JHN", "chapter": 17, "from": 1, "to": null }
    ]
  },
  {
    "date": "2026-03-16",
    "readings": [
      { "book": "MAT", "chapter": 26, "from": 36, "to": null },
      { "book": "MAT", "chapter": 27, "from": 1, "to": 26 },
      { "book": "MRK", "chapter": 14, "from": 32, "to": null },
      { "book": "MRK", "chapter": 15, "from": 1, "to": 15 },
      { "book": "LUK", "chapter": 22, "from": 39, "to": null },
      { "book": "LUK", "chapter": 23, "from": 1, "to": 25 },
      { "book": "JHN", "chapter": 18, "from": 1, "to": null }
    ]
  },
  {
    "date": "2026-03-17",
    "readings": [
      { "book": "MAT", "chapter": 27, "from": 27, "to": null },
      { "book": "MRK", "chapter": 15, "from": 16, "to": null },
      { "book": "LUK", "chapter": 23, "from": 26, "to": null },
      { "book": "JHN", "chapter": 19, "from": 1, "to": null }
    ]
  },
  {
    "date": "2026-03-18",
    "readings": [
      { "book": "MAT", "chapter": 28, "from": 1, "to": 15 },
      { "book": "MRK", "chapter": 16, "from": 1, "to": 13 },
      { "book": "LUK", "chapter": 24, "from": 1, "to": 35 },
      { "book": "JHN", "chapter": 20, "from": 1, "to": 18 }
    ]
  },
  {
    "date": "2026-03-19",
    "readings": [
      { "book": "MAT", "chapter": 28, "from": 16, "to": 16 },
      { "book": "MRK", "chapter": 16, "from": 14, "to": 14 },
      { "book": "LUK", "chapter": 24, "from": 36, "to": 36 },
      { "book": "JHN", "chapter": 20, "from": 19, "to": 23 }
    ]
  },
  {
    "date": "2026-03-20",
    "readings": [
      { "book": "JHN", "chapter": 20, "from": 24, "to": 29 }
    ]
  },
  {
    "date": "2026-03-21",
    "readings": [
      { "book": "MAT", "chapter": 28, "from": 16, "to": null },
      { "book": "JHN", "chapter": 20, "from": 30, "to": null }
    ]
  }

    
  ]
}
